[
  {
    "id": "bf110298-e36d-4e66-86b9-28f7cded98ac",
    "data": [
      {
        "text": "is ivermectin good",
        "userDefined": false
      }
    ],
    "isTemplate": false,
    "count": 0,
    "lang": "en",
    "updated": 0
  },
  {
    "id": "4ec2946a-542b-4e5d-bd51-0d3cf4beac63",
    "data": [
      {
        "text": "is ivermectin good against covid",
        "userDefined": false
      }
    ],
    "isTemplate": false,
    "count": 0,
    "lang": "en",
    "updated": 0
  },
  {
    "id": "8931c168-da9c-4c4a-bf36-a8cde20c8974",
    "data": [
      {
        "text": "should i buy ivermectin",
        "userDefined": false
      }
    ],
    "isTemplate": false,
    "count": 0,
    "lang": "en",
    "updated": 0
  },
  {
    "id": "aaa9d069-e3b7-403f-9419-57e535d04ed5",
    "data": [
      {
        "text": "is ivermectin effective against covid",
        "userDefined": false
      }
    ],
    "isTemplate": false,
    "count": 0,
    "lang": "en",
    "updated": 0
  }
]