[
  {
    "id": "7670d20a-ba40-4e80-a0df-6bc48d4e4ef0",
    "data": [
      {
        "text": "active cases ",
        "userDefined": false
      },
      {
        "text": "philippines",
        "meta": "@ph_locations",
        "alias": "ph_locations",
        "userDefined": false
      }
    ],
    "isTemplate": false,
    "count": 0,
    "lang": "en",
    "updated": 0
  },
  {
    "id": "70ecf229-c71f-4201-b720-cd7fe1922c0f",
    "data": [
      {
        "text": "active case ",
        "userDefined": false
      },
      {
        "text": "ph",
        "meta": "@ph_locations",
        "alias": "ph_locations",
        "userDefined": false
      }
    ],
    "isTemplate": false,
    "count": 1,
    "lang": "en",
    "updated": 0
  },
  {
    "id": "2653ed3e-4890-45b8-992e-c5f963675a1f",
    "data": [
      {
        "text": "active cases ",
        "userDefined": false
      },
      {
        "text": "ph",
        "meta": "@ph_locations",
        "alias": "ph_locations",
        "userDefined": true
      }
    ],
    "isTemplate": false,
    "count": 0,
    "lang": "en",
    "updated": 0
  },
  {
    "id": "a5e44412-388b-4ee7-9ef0-cb7b4e09abd5",
    "data": [
      {
        "text": "Active cases in the Philippines",
        "userDefined": false
      }
    ],
    "isTemplate": false,
    "count": 0,
    "lang": "en",
    "updated": 0
  },
  {
    "id": "fa492dc4-020c-44ce-a77a-25616a2658bc",
    "data": [
      {
        "text": "how many are still positive in ",
        "userDefined": false
      },
      {
        "text": "ph",
        "meta": "@ph_locations",
        "alias": "ph_locations",
        "userDefined": true
      }
    ],
    "isTemplate": false,
    "count": 0,
    "lang": "en",
    "updated": 0
  },
  {
    "id": "6cf5f7c4-6700-4d67-85d5-610658f8869d",
    "data": [
      {
        "text": "how many active cases in ",
        "userDefined": false
      },
      {
        "text": "ph",
        "meta": "@ph_locations",
        "alias": "ph_locations",
        "userDefined": true
      }
    ],
    "isTemplate": false,
    "count": 0,
    "lang": "en",
    "updated": 0
  }
]