[
  {
    "id": "8fcd5afd-e3c7-44cc-b686-29f50e810eb8",
    "data": [
      {
        "text": "cases in ",
        "userDefined": false
      },
      {
        "text": "ph",
        "meta": "@ph_locations",
        "alias": "ph_locations",
        "userDefined": false
      },
      {
        "text": " ",
        "userDefined": false
      },
      {
        "text": "today",
        "meta": "@sys.date-time",
        "alias": "date-time",
        "userDefined": false
      }
    ],
    "isTemplate": false,
    "count": 0,
    "lang": "en",
    "updated": 0
  },
  {
    "id": "c13b3df3-ad8c-4b55-9cb2-a5cdd064d8bb",
    "data": [
      {
        "text": "ph",
        "meta": "@ph_locations",
        "alias": "ph_locations",
        "userDefined": false
      },
      {
        "text": " new cases",
        "userDefined": false
      }
    ],
    "isTemplate": false,
    "count": 0,
    "lang": "en",
    "updated": 0
  },
  {
    "id": "93dddafb-794f-4708-813d-18a01955ebcd",
    "data": [
      {
        "text": "cases ",
        "userDefined": false
      },
      {
        "text": "today",
        "meta": "@sys.date-time",
        "alias": "date-time",
        "userDefined": true
      },
      {
        "text": " in ",
        "userDefined": false
      },
      {
        "text": "ph",
        "meta": "@ph_locations",
        "alias": "ph_locations",
        "userDefined": true
      }
    ],
    "isTemplate": false,
    "count": 0,
    "lang": "en",
    "updated": 0
  },
  {
    "id": "311bc313-0f1b-4003-a998-093dc4b011b8",
    "data": [
      {
        "text": "new cases in ",
        "userDefined": false
      },
      {
        "text": "ph",
        "meta": "@ph_locations",
        "alias": "ph_locations",
        "userDefined": true
      }
    ],
    "isTemplate": false,
    "count": 0,
    "lang": "en",
    "updated": 0
  }
]