[
  {
    "id": "9009b1ba-b010-4341-ad37-b11403fd016e",
    "data": [
      {
        "text": "cdo",
        "meta": "@ph_hotline",
        "alias": "ph_hotline",
        "userDefined": false
      },
      {
        "text": " number",
        "userDefined": false
      }
    ],
    "isTemplate": false,
    "count": 0,
    "lang": "en",
    "updated": 0
  },
  {
    "id": "520aaa0e-7140-448d-a004-d90ea099a82c",
    "data": [
      {
        "text": "iligan",
        "meta": "@ph_hotline",
        "alias": "ph_hotline",
        "userDefined": false
      },
      {
        "text": " hotline",
        "userDefined": false
      }
    ],
    "isTemplate": false,
    "count": 0,
    "lang": "en",
    "updated": 0
  },
  {
    "id": "6aa581c0-b6cc-4cb6-b2c1-cde6147b4fd5",
    "data": [
      {
        "text": "number for ",
        "userDefined": false
      },
      {
        "text": "navotas",
        "meta": "@ph_hotline",
        "alias": "ph_hotline",
        "userDefined": false
      }
    ],
    "isTemplate": false,
    "count": 0,
    "lang": "en",
    "updated": 0
  },
  {
    "id": "b2be4a20-6328-44ce-9a16-e1c0aa9ef253",
    "data": [
      {
        "text": "hotline for ",
        "userDefined": false
      },
      {
        "text": "pnp",
        "meta": "@ph_hotline",
        "alias": "ph_hotline",
        "userDefined": false
      }
    ],
    "isTemplate": false,
    "count": 0,
    "lang": "en",
    "updated": 0
  }
]