[
  {
    "id": "9dc1f8f4-2500-4183-bcb2-3b1305ea1b71",
    "data": [
      {
        "text": "assess",
        "userDefined": false
      }
    ],
    "isTemplate": false,
    "count": 0,
    "lang": "en",
    "updated": 0
  },
  {
    "id": "dd6164df-2eb8-42ae-8c6f-d12ab12b48dd",
    "data": [
      {
        "text": "assess me",
        "userDefined": false
      }
    ],
    "isTemplate": false,
    "count": 0,
    "lang": "en",
    "updated": 0
  },
  {
    "id": "90a2046c-d74f-4cc7-a091-adb95ea0436a",
    "data": [
      {
        "text": "i have ",
        "userDefined": false
      },
      {
        "text": "covid-19",
        "meta": "@covid-19",
        "alias": "covid-19",
        "userDefined": true
      },
      {
        "text": ", what do i do?",
        "userDefined": false
      }
    ],
    "isTemplate": false,
    "count": 0,
    "lang": "en",
    "updated": 0
  },
  {
    "id": "ad35627c-cc04-4a8c-a550-e0705a403cef",
    "data": [
      {
        "text": "please assess me",
        "userDefined": false
      }
    ],
    "isTemplate": false,
    "count": 0,
    "lang": "en",
    "updated": 0
  },
  {
    "id": "c94fb751-e2c0-4568-828e-41192adb7d8c",
    "data": [
      {
        "text": "i want to be assessed",
        "userDefined": false
      }
    ],
    "isTemplate": false,
    "count": 0,
    "lang": "en",
    "updated": 0
  },
  {
    "id": "ed5a25a9-bc7b-4310-85f6-79ea20abecf8",
    "data": [
      {
        "text": "i want to take the self-assessment",
        "userDefined": false
      }
    ],
    "isTemplate": false,
    "count": 0,
    "lang": "en",
    "updated": 0
  },
  {
    "id": "12e71c2e-667f-42cc-9951-df99cb04db98",
    "data": [
      {
        "text": "i\u0027m probably infected",
        "userDefined": false
      }
    ],
    "isTemplate": false,
    "count": 0,
    "lang": "en",
    "updated": 0
  },
  {
    "id": "c4c85d4d-1dd8-4785-afec-d5afb4b2e951",
    "data": [
      {
        "text": "can i take the assessment",
        "userDefined": false
      }
    ],
    "isTemplate": false,
    "count": 0,
    "lang": "en",
    "updated": 0
  },
  {
    "id": "8acaa133-5249-49f5-8c64-4ec0690bc2a1",
    "data": [
      {
        "text": "i might have the ",
        "userDefined": false
      },
      {
        "text": "coronavirus",
        "meta": "@covid-19",
        "alias": "covid-19",
        "userDefined": true
      }
    ],
    "isTemplate": false,
    "count": 0,
    "lang": "en",
    "updated": 0
  },
  {
    "id": "50ec8dbf-4ac5-45f0-be4a-76b6e3b5db47",
    "data": [
      {
        "text": "i think i have ",
        "userDefined": false
      },
      {
        "text": "covid",
        "meta": "@covid-19",
        "alias": "covid-19",
        "userDefined": true
      }
    ],
    "isTemplate": false,
    "count": 0,
    "lang": "en",
    "updated": 0
  }
]