[
  {
    "id": "3465a164-4692-45d0-ba66-b892b9c70d2c",
    "data": [
      {
        "text": "okie",
        "userDefined": false
      }
    ],
    "isTemplate": false,
    "count": 0,
    "lang": "en",
    "updated": 0
  },
  {
    "id": "e7ea9159-6728-4673-b8b4-fb691d3d13c3",
    "data": [
      {
        "text": "ok",
        "userDefined": false
      }
    ],
    "isTemplate": false,
    "count": 0,
    "lang": "en",
    "updated": 0
  },
  {
    "id": "37d1064f-8a80-4193-aceb-aa58232cb5fd",
    "data": [
      {
        "text": "okay",
        "userDefined": false
      }
    ],
    "isTemplate": false,
    "count": 0,
    "lang": "en",
    "updated": 0
  },
  {
    "id": "17287e3d-dbc8-41c9-a3ed-feda79090876",
    "data": [
      {
        "text": "tnx",
        "userDefined": false
      }
    ],
    "isTemplate": false,
    "count": 0,
    "lang": "en",
    "updated": 0
  },
  {
    "id": "9947992e-9cc4-4895-98fe-0b38840bee63",
    "data": [
      {
        "text": "ty",
        "userDefined": false
      }
    ],
    "isTemplate": false,
    "count": 0,
    "lang": "en",
    "updated": 0
  },
  {
    "id": "f1b8bb3e-b0cb-4c8f-bad7-b2a850f48645",
    "data": [
      {
        "text": "nice",
        "userDefined": false
      }
    ],
    "isTemplate": false,
    "count": 0,
    "lang": "en",
    "updated": 0
  },
  {
    "id": "e340b767-2a9d-46bc-b2a1-cc2433be370e",
    "data": [
      {
        "text": "thank you",
        "userDefined": false
      }
    ],
    "isTemplate": false,
    "count": 0,
    "lang": "en",
    "updated": 0
  },
  {
    "id": "60bd5259-71ae-42ef-b713-bc6723ab7861",
    "data": [
      {
        "text": "Thank you",
        "userDefined": false
      }
    ],
    "isTemplate": false,
    "count": 0,
    "lang": "en",
    "updated": 0
  },
  {
    "id": "3652415c-3457-4c74-8878-396695beab5d",
    "data": [
      {
        "text": "Thanks!",
        "userDefined": false
      }
    ],
    "isTemplate": false,
    "count": 0,
    "lang": "en",
    "updated": 0
  }
]