[
  {
    "id": "aae32af4-542d-46d1-b2f1-c01c1cf1b9f3",
    "data": [
      {
        "text": "menu",
        "userDefined": false
      }
    ],
    "isTemplate": false,
    "count": 0,
    "lang": "en",
    "updated": 0
  },
  {
    "id": "3a3a23bf-b3cf-4b58-8218-f92fd220070a",
    "data": [
      {
        "text": "back menu",
        "userDefined": false
      }
    ],
    "isTemplate": false,
    "count": 0,
    "lang": "en",
    "updated": 0
  },
  {
    "id": "a32cf962-143a-439a-b922-e2b28a4487ad",
    "data": [
      {
        "text": "back to menu",
        "userDefined": false
      }
    ],
    "isTemplate": false,
    "count": 1,
    "lang": "en",
    "updated": 0
  }
]