[
  {
    "value": "fever",
    "synonyms": [
      "fever",
      "lanat",
      "hilanat",
      "1",
      "lagnat"
    ]
  },
  {
    "value": "cough",
    "synonyms": [
      "cough",
      "ubo",
      "2"
    ]
  },
  {
    "value": "shortness of breath",
    "synonyms": [
      "shortness of breath",
      "shortness",
      "short",
      "3",
      "difficulty in breathing"
    ]
  },
  {
    "value": "sore throat",
    "synonyms": [
      "sore throat",
      "5"
    ]
  },
  {
    "value": "nasal congestion",
    "synonyms": [
      "nasal congestion",
      "runny nose",
      "stuffy nose",
      "runny",
      "stuffy",
      "6"
    ]
  },
  {
    "value": "diarrhea",
    "synonyms": [
      "diarrhea",
      "vomiting",
      "vomit",
      "lbm",
      "loose bowel movement",
      "kalibangon",
      "4"
    ]
  },
  {
    "value": "muscle pain",
    "synonyms": [
      "muscle pain",
      "fatigue",
      "pamaol",
      "kapoy",
      "kapuy",
      "sore muscles",
      "7"
    ]
  }
]