[
  {
    "value": "BUKIDNON",
    "synonyms": [
      "BUKIDNON"
    ]
  },
  {
    "value": "CAGAYAN DE ORO CITY",
    "synonyms": [
      "CAGAYAN DE ORO CITY",
      "cagayan de oro",
      "cdo",
      "cagayan oro"
    ]
  },
  {
    "value": "CALOOCAN CITY",
    "synonyms": [
      "CALOOCAN CITY",
      "caloocan"
    ]
  },
  {
    "value": "CAMIGUIN",
    "synonyms": [
      "CAMIGUIN"
    ]
  },
  {
    "value": "COTABATO CITY",
    "synonyms": [
      "COTABATO CITY",
      "city of cotabato"
    ]
  },
  {
    "value": "DAVAO CITY",
    "synonyms": [
      "DAVAO CITY",
      "city of davao"
    ]
  },
  {
    "value": "GENERAL SANTOS CITY",
    "synonyms": [
      "GENERAL SANTOS CITY",
      "gensan",
      "general santos",
      "gensan city",
      "city of gensan",
      "city of general santos",
      "dadiangas"
    ]
  },
  {
    "value": "ILIGAN CITY",
    "synonyms": [
      "ILIGAN CITY",
      "iligan",
      "ilg"
    ]
  },
  {
    "value": "LANAO DEL NORTE",
    "synonyms": [
      "LANAO DEL NORTE",
      "ldn"
    ]
  },
  {
    "value": "LAS PIÑAS CITY",
    "synonyms": [
      "LAS PIÑAS CITY",
      "las piñas",
      "city of las piñas"
    ]
  },
  {
    "value": "MAKATI CITY",
    "synonyms": [
      "MAKATI CITY",
      "makati",
      "city of makati"
    ]
  },
  {
    "value": "MALABON",
    "synonyms": [
      "MALABON",
      "malabon city",
      "city of malabon"
    ]
  },
  {
    "value": "MANDALUYONG CITY",
    "synonyms": [
      "MANDALUYONG CITY",
      "mandaluyong",
      "city of mandaluyong"
    ]
  },
  {
    "value": "MANILA",
    "synonyms": [
      "MANILA",
      "city of manila",
      "manila city",
      "maynila",
      "maynila city",
      "city of maynila"
    ]
  },
  {
    "value": "MARIKINA",
    "synonyms": [
      "MARIKINA",
      "city of marikina",
      "marikina city"
    ]
  },
  {
    "value": "METRO MANILA CENTER FOR HEALTH DEVELOPMENT",
    "synonyms": [
      "METRO MANILA CENTER FOR HEALTH DEVELOPMENT",
      "mmchd"
    ]
  },
  {
    "value": "MISAMIS OCCIDENTAL",
    "synonyms": [
      "MISAMIS OCCIDENTAL"
    ]
  },
  {
    "value": "MISAMIS ORIENTAL",
    "synonyms": [
      "MISAMIS ORIENTAL"
    ]
  },
  {
    "value": "MUNTINLUPA",
    "synonyms": [
      "MUNTINLUPA",
      "muntinlupa city",
      "city of muntinlupa"
    ]
  },
  {
    "value": "NAVOTAS",
    "synonyms": [
      "NAVOTAS",
      "navotas city",
      "city of navotas"
    ]
  },
  {
    "value": "NORTH COTABATO",
    "synonyms": [
      "NORTH COTABATO",
      "cotabato",
      "cotabato (north cotabato)"
    ]
  },
  {
    "value": "PARAÑAQUE CITY",
    "synonyms": [
      "PARAÑAQUE CITY",
      "parañaque",
      "city of parañaque"
    ]
  },
  {
    "value": "PASAY CITY",
    "synonyms": [
      "PASAY CITY",
      "pasay",
      "city of pasay"
    ]
  },
  {
    "value": "PASIG CITY",
    "synonyms": [
      "PASIG CITY",
      "pasig",
      "city of pasig"
    ]
  },
  {
    "value": "PATEROS",
    "synonyms": [
      "PATEROS"
    ]
  },
  {
    "value": "PHILIPPINE NATIONAL POLICE",
    "synonyms": [
      "PHILIPPINE NATIONAL POLICE",
      "pnp"
    ]
  },
  {
    "value": "QUEZON CITY",
    "synonyms": [
      "QUEZON CITY",
      "city of quezon"
    ]
  },
  {
    "value": "CITY OF SAN JUAN",
    "synonyms": [
      "CITY OF SAN JUAN",
      "san juan",
      "san juan city"
    ]
  },
  {
    "value": "TAGUIG CITY",
    "synonyms": [
      "TAGUIG CITY",
      "taguig",
      "city of taguig"
    ]
  },
  {
    "value": "VALENCIA CITY",
    "synonyms": [
      "VALENCIA CITY",
      "valencia",
      "city of valencia"
    ]
  },
  {
    "value": "VALENZUELA CITY",
    "synonyms": [
      "VALENZUELA CITY",
      "valenzuela",
      "city of valenzuela"
    ]
  },
  {
    "value": "ZAMBALES",
    "synonyms": [
      "ZAMBALES"
    ]
  }
]