[
  {
    "value": "fever",
    "synonyms": [
      "fever",
      "lanat",
      "hilanat"
    ]
  },
  {
    "value": "cough",
    "synonyms": [
      "cough",
      "ubo"
    ]
  },
  {
    "value": "shortness of breath",
    "synonyms": [
      "shortness of breath",
      "shortness",
      "short"
    ]
  },
  {
    "value": "sore throat",
    "synonyms": [
      "sore throat"
    ]
  },
  {
    "value": "nasal congestion",
    "synonyms": [
      "nasal congestion",
      "runny nose",
      "stuffy nose",
      "runny",
      "stuffy"
    ]
  },
  {
    "value": "diarrhea",
    "synonyms": [
      "diarrhea",
      "vomiting",
      "vomit",
      "lbm",
      "loose bowel movement",
      "kalibangon"
    ]
  },
  {
    "value": "muscle pain",
    "synonyms": [
      "muscle pain",
      "fatigue",
      "pamaol",
      "kapoy",
      "kapuy",
      "sore muscles"
    ]
  }
]