[
  {
    "value": "NATIONAL",
    "synonyms": [
      "NATIONAL",
      "nation",
      "nationwide",
      "country",
      "pinas",
      "philippines",
      "ph",
      "entire country",
      "entire philippines",
      "entire ph",
      "all",
      "all philippines",
      "all ph"
    ]
  },
  {
    "value": "ABRA",
    "synonyms": [
      "ABRA"
    ]
  },
  {
    "value": "AGUSAN DEL NORTE",
    "synonyms": [
      "AGUSAN DEL NORTE"
    ]
  },
  {
    "value": "AGUSAN DEL SUR",
    "synonyms": [
      "AGUSAN DEL SUR"
    ]
  },
  {
    "value": "AKLAN",
    "synonyms": [
      "AKLAN"
    ]
  },
  {
    "value": "ALBAY",
    "synonyms": [
      "ALBAY"
    ]
  },
  {
    "value": "ANGELES CITY",
    "synonyms": [
      "ANGELES CITY",
      "angeles"
    ]
  },
  {
    "value": "ANTIQUE",
    "synonyms": [
      "ANTIQUE"
    ]
  },
  {
    "value": "APAYAO",
    "synonyms": [
      "APAYAO"
    ]
  },
  {
    "value": "AURORA",
    "synonyms": [
      "AURORA"
    ]
  },
  {
    "value": "BACOLOD CITY",
    "synonyms": [
      "BACOLOD CITY",
      "bacolod"
    ]
  },
  {
    "value": "BAGUIO CITY",
    "synonyms": [
      "BAGUIO CITY",
      "baguio"
    ]
  },
  {
    "value": "BASILAN",
    "synonyms": [
      "BASILAN"
    ]
  },
  {
    "value": "BATAAN",
    "synonyms": [
      "BATAAN"
    ]
  },
  {
    "value": "BATANES",
    "synonyms": [
      "BATANES"
    ]
  },
  {
    "value": "BATANGAS",
    "synonyms": [
      "BATANGAS"
    ]
  },
  {
    "value": "BENGUET",
    "synonyms": [
      "BENGUET"
    ]
  },
  {
    "value": "BILIRAN",
    "synonyms": [
      "BILIRAN"
    ]
  },
  {
    "value": "BOHOL",
    "synonyms": [
      "BOHOL"
    ]
  },
  {
    "value": "BUKIDNON",
    "synonyms": [
      "BUKIDNON"
    ]
  },
  {
    "value": "BULACAN",
    "synonyms": [
      "BULACAN"
    ]
  },
  {
    "value": "BUTUAN CITY",
    "synonyms": [
      "BUTUAN CITY",
      "butuan"
    ]
  },
  {
    "value": "CAGAYAN",
    "synonyms": [
      "CAGAYAN",
      "cagayan valley"
    ]
  },
  {
    "value": "CAGAYAN DE ORO CITY",
    "synonyms": [
      "CAGAYAN DE ORO CITY",
      "cagayan de oro",
      "cdo",
      "cagayan oro"
    ]
  },
  {
    "value": "CALOOCAN CITY",
    "synonyms": [
      "CALOOCAN CITY",
      "caloocan"
    ]
  },
  {
    "value": "CAMARINES NORTE",
    "synonyms": [
      "CAMARINES NORTE"
    ]
  },
  {
    "value": "CAMARINES SUR",
    "synonyms": [
      "CAMARINES SUR",
      "camsur"
    ]
  },
  {
    "value": "CAMIGUIN",
    "synonyms": [
      "CAMIGUIN"
    ]
  },
  {
    "value": "CAPIZ",
    "synonyms": [
      "CAPIZ"
    ]
  },
  {
    "value": "CATANDUANES",
    "synonyms": [
      "CATANDUANES"
    ]
  },
  {
    "value": "CAVITE",
    "synonyms": [
      "CAVITE"
    ]
  },
  {
    "value": "CEBU",
    "synonyms": [
      "CEBU"
    ]
  },
  {
    "value": "CEBU CITY",
    "synonyms": [
      "CEBU CITY",
      "city of cebu"
    ]
  },
  {
    "value": "CITY OF ISABELA",
    "synonyms": [
      "CITY OF ISABELA",
      "isabela city"
    ]
  },
  {
    "value": "CITY OF LAS PIÑAS",
    "synonyms": [
      "CITY OF LAS PIÑAS",
      "las piñas",
      "las piñas city"
    ]
  },
  {
    "value": "CITY OF MAKATI",
    "synonyms": [
      "CITY OF MAKATI",
      "makati",
      "makati city"
    ]
  },
  {
    "value": "CITY OF MALABON",
    "synonyms": [
      "CITY OF MALABON",
      "malabon",
      "malabon city"
    ]
  },
  {
    "value": "CITY OF MANDALUYONG",
    "synonyms": [
      "CITY OF MANDALUYONG",
      "mandaluyong",
      "mandaluyong city"
    ]
  },
  {
    "value": "CITY OF MANILA",
    "synonyms": [
      "CITY OF MANILA",
      "manila",
      "manila city",
      "maynila",
      "maynila city",
      "city of maynila"
    ]
  },
  {
    "value": "CITY OF MARIKINA",
    "synonyms": [
      "CITY OF MARIKINA",
      "marikina",
      "marikina city"
    ]
  },
  {
    "value": "CITY OF MUNTINLUPA",
    "synonyms": [
      "CITY OF MUNTINLUPA",
      "muntinlupa",
      "muntinlupa city"
    ]
  },
  {
    "value": "CITY OF NAVOTAS",
    "synonyms": [
      "CITY OF NAVOTAS",
      "navotas",
      "navotas city"
    ]
  },
  {
    "value": "CITY OF PARAÑAQUE",
    "synonyms": [
      "CITY OF PARAÑAQUE",
      "parañaque",
      "parañaque city"
    ]
  },
  {
    "value": "CITY OF PASIG",
    "synonyms": [
      "CITY OF PASIG",
      "pasig",
      "pasig city"
    ]
  },
  {
    "value": "CITY OF SAN JUAN",
    "synonyms": [
      "CITY OF SAN JUAN",
      "san juan",
      "san juan city"
    ]
  },
  {
    "value": "CITY OF SANTIAGO",
    "synonyms": [
      "CITY OF SANTIAGO",
      "santiago",
      "santiago city"
    ]
  },
  {
    "value": "CITY OF VALENZUELA",
    "synonyms": [
      "CITY OF VALENZUELA",
      "valenzuela",
      "valenzuela city"
    ]
  },
  {
    "value": "COTABATO (NORTH COTABATO)",
    "synonyms": [
      "COTABATO (NORTH COTABATO)",
      "cotabato",
      "north cotabato"
    ]
  },
  {
    "value": "COTABATO CITY",
    "synonyms": [
      "COTABATO CITY",
      "city of cotabato"
    ]
  },
  {
    "value": "DAGUPAN CITY",
    "synonyms": [
      "DAGUPAN CITY",
      "dagupan"
    ]
  },
  {
    "value": "DAVAO CITY",
    "synonyms": [
      "DAVAO CITY",
      "city of davao"
    ]
  },
  {
    "value": "DAVAO DE ORO (COMPOSTELA VALLEY)",
    "synonyms": [
      "DAVAO DE ORO (COMPOSTELA VALLEY)",
      "compostela valley",
      "compostela",
      "davao de oro",
      "ddo",
      "davao oro"
    ]
  },
  {
    "value": "DAVAO DEL NORTE",
    "synonyms": [
      "DAVAO DEL NORTE",
      "davao norte",
      "ddn"
    ]
  },
  {
    "value": "DAVAO DEL SUR",
    "synonyms": [
      "DAVAO DEL SUR",
      "davao sur",
      "dds"
    ]
  },
  {
    "value": "DAVAO OCCIDENTAL",
    "synonyms": [
      "DAVAO OCCIDENTAL"
    ]
  },
  {
    "value": "DAVAO ORIENTAL",
    "synonyms": [
      "DAVAO ORIENTAL"
    ]
  },
  {
    "value": "DINAGAT ISLANDS",
    "synonyms": [
      "DINAGAT ISLANDS",
      "dinagat"
    ]
  },
  {
    "value": "EASTERN SAMAR",
    "synonyms": [
      "EASTERN SAMAR",
      "east samar"
    ]
  },
  {
    "value": "GENERAL SANTOS CITY (DADIANGAS)",
    "synonyms": [
      "GENERAL SANTOS CITY (DADIANGAS)",
      "gensan",
      "general santos",
      "general santos city",
      "gensan city",
      "city of gensan",
      "city of general santos",
      "dadiangas"
    ]
  },
  {
    "value": "GUIMARAS",
    "synonyms": [
      "GUIMARAS"
    ]
  },
  {
    "value": "IFUGAO",
    "synonyms": [
      "IFUGAO"
    ]
  },
  {
    "value": "ILIGAN CITY",
    "synonyms": [
      "ILIGAN CITY",
      "iligan",
      "ilg"
    ]
  },
  {
    "value": "ILOCOS NORTE",
    "synonyms": [
      "ILOCOS NORTE"
    ]
  },
  {
    "value": "ILOCOS SUR",
    "synonyms": [
      "ILOCOS SUR"
    ]
  },
  {
    "value": "ILOILO",
    "synonyms": [
      "ILOILO"
    ]
  },
  {
    "value": "ILOILO CITY",
    "synonyms": [
      "ILOILO CITY",
      "city of iloilo"
    ]
  },
  {
    "value": "ISABELA",
    "synonyms": [
      "ISABELA"
    ]
  },
  {
    "value": "KALINGA",
    "synonyms": [
      "KALINGA"
    ]
  },
  {
    "value": "LA UNION",
    "synonyms": [
      "LA UNION"
    ]
  },
  {
    "value": "LAGUNA",
    "synonyms": [
      "LAGUNA"
    ]
  },
  {
    "value": "LANAO DEL NORTE",
    "synonyms": [
      "LANAO DEL NORTE",
      "ldn"
    ]
  },
  {
    "value": "LANAO DEL SUR",
    "synonyms": [
      "LANAO DEL SUR",
      "lds"
    ]
  },
  {
    "value": "LAPU-LAPU CITY (OPON)",
    "synonyms": [
      "LAPU-LAPU CITY (OPON)",
      "opon",
      "lapu-lapu",
      "lapu lapu,\"lapulapu",
      "lapu-lapu city",
      "lapu lapu city",
      "lapulapu city",
      "city of lapu-lapu",
      "city of lapu lapu",
      "city of lapulapu"
    ]
  },
  {
    "value": "LEYTE",
    "synonyms": [
      "LEYTE"
    ]
  },
  {
    "value": "LUCENA CITY",
    "synonyms": [
      "LUCENA CITY",
      "lucena",
      "city of lucena"
    ]
  },
  {
    "value": "MAGUINDANAO",
    "synonyms": [
      "MAGUINDANAO"
    ]
  },
  {
    "value": "MANDAUE CITY",
    "synonyms": [
      "MANDAUE CITY",
      "mandaue"
    ]
  },
  {
    "value": "MARINDUQUE",
    "synonyms": [
      "MARINDUQUE"
    ]
  },
  {
    "value": "MASBATE",
    "synonyms": [
      "MASBATE"
    ]
  },
  {
    "value": "MISAMIS OCCIDENTAL",
    "synonyms": [
      "MISAMIS OCCIDENTAL"
    ]
  },
  {
    "value": "MISAMIS ORIENTAL",
    "synonyms": [
      "MISAMIS ORIENTAL"
    ]
  },
  {
    "value": "MOUNTAIN PROVINCE",
    "synonyms": [
      "MOUNTAIN PROVINCE",
      "mt province",
      "mt. province"
    ]
  },
  {
    "value": "NAGA CITY",
    "synonyms": [
      "NAGA CITY",
      "naga",
      "city of naga",
      "naga camsur",
      "naga camarines",
      "naga camarines sur"
    ]
  },
  {
    "value": "NEGROS OCCIDENTAL",
    "synonyms": [
      "NEGROS OCCIDENTAL"
    ]
  },
  {
    "value": "NEGROS ORIENTAL",
    "synonyms": [
      "NEGROS ORIENTAL"
    ]
  },
  {
    "value": "NORTHERN SAMAR",
    "synonyms": [
      "NORTHERN SAMAR"
    ]
  },
  {
    "value": "NUEVA ECIJA",
    "synonyms": [
      "NUEVA ECIJA"
    ]
  },
  {
    "value": "NUEVA VIZCAYA",
    "synonyms": [
      "NUEVA VIZCAYA"
    ]
  },
  {
    "value": "OCCIDENTAL MINDORO",
    "synonyms": [
      "OCCIDENTAL MINDORO",
      "mindoro occidental"
    ]
  },
  {
    "value": "OLONGAPO CITY",
    "synonyms": [
      "OLONGAPO CITY",
      "olongapo",
      "city of olongapo"
    ]
  },
  {
    "value": "ORIENTAL MINDORO",
    "synonyms": [
      "ORIENTAL MINDORO",
      "mindoro oriental"
    ]
  },
  {
    "value": "ORMOC CITY",
    "synonyms": [
      "ORMOC CITY",
      "ormoc",
      "city of ormoc"
    ]
  },
  {
    "value": "PALAWAN",
    "synonyms": [
      "PALAWAN"
    ]
  },
  {
    "value": "PAMPANGA",
    "synonyms": [
      "PAMPANGA"
    ]
  },
  {
    "value": "PANGASINAN",
    "synonyms": [
      "PANGASINAN"
    ]
  },
  {
    "value": "PASAY CITY",
    "synonyms": [
      "PASAY CITY",
      "pasay",
      "city of pasay"
    ]
  },
  {
    "value": "PATEROS",
    "synonyms": [
      "PATEROS"
    ]
  },
  {
    "value": "PUERTO PRINCESA CITY",
    "synonyms": [
      "PUERTO PRINCESA CITY",
      "puerto princesa",
      "city of puerto princesa"
    ]
  },
  {
    "value": "QUEZON",
    "synonyms": [
      "QUEZON"
    ]
  },
  {
    "value": "QUEZON CITY",
    "synonyms": [
      "QUEZON CITY",
      "city of quezon"
    ]
  },
  {
    "value": "QUIRINO",
    "synonyms": [
      "QUIRINO"
    ]
  },
  {
    "value": "RIZAL",
    "synonyms": [
      "RIZAL"
    ]
  },
  {
    "value": "ROMBLON",
    "synonyms": [
      "ROMBLON"
    ]
  },
  {
    "value": "SAMAR (WESTERN SAMAR)",
    "synonyms": [
      "SAMAR (WESTERN SAMAR)",
      "samar",
      "western samar"
    ]
  },
  {
    "value": "SARANGANI",
    "synonyms": [
      "SARANGANI"
    ]
  },
  {
    "value": "SIQUIJOR",
    "synonyms": [
      "SIQUIJOR"
    ]
  },
  {
    "value": "SORSOGON",
    "synonyms": [
      "SORSOGON"
    ]
  },
  {
    "value": "SOUTH COTABATO",
    "synonyms": [
      "SOUTH COTABATO"
    ]
  },
  {
    "value": "SOUTHERN LEYTE",
    "synonyms": [
      "SOUTHERN LEYTE",
      "south leyte"
    ]
  },
  {
    "value": "SULTAN KUDARAT",
    "synonyms": [
      "SULTAN KUDARAT",
      "sk"
    ]
  },
  {
    "value": "SULU",
    "synonyms": [
      "SULU"
    ]
  },
  {
    "value": "SURIGAO DEL NORTE",
    "synonyms": [
      "SURIGAO DEL NORTE",
      "sdn",
      "surigao norte"
    ]
  },
  {
    "value": "SURIGAO DEL SUR",
    "synonyms": [
      "SURIGAO DEL SUR",
      "sds",
      "surigao sur"
    ]
  },
  {
    "value": "TACLOBAN CITY",
    "synonyms": [
      "TACLOBAN CITY",
      "tacloban",
      "city of tacloban"
    ]
  },
  {
    "value": "TAGUIG CITY",
    "synonyms": [
      "TAGUIG CITY",
      "taguig",
      "city of taguig"
    ]
  },
  {
    "value": "TARLAC",
    "synonyms": [
      "TARLAC"
    ]
  },
  {
    "value": "TAWI-TAWI",
    "synonyms": [
      "TAWI-TAWI",
      "tawi tawi",
      "tawitawi"
    ]
  },
  {
    "value": "ZAMBALES",
    "synonyms": [
      "ZAMBALES"
    ]
  },
  {
    "value": "ZAMBOANGA CITY",
    "synonyms": [
      "ZAMBOANGA CITY",
      "city of zamboanga"
    ]
  },
  {
    "value": "ZAMBOANGA DEL NORTE",
    "synonyms": [
      "ZAMBOANGA DEL NORTE",
      "ZAMBOANGA NORTE",
      "zdn"
    ]
  },
  {
    "value": "ZAMBOANGA DEL SUR",
    "synonyms": [
      "ZAMBOANGA DEL SUR",
      "ZAMBOANGA SUR",
      "zds"
    ]
  },
  {
    "value": "ZAMBOANGA SIBUGAY",
    "synonyms": [
      "ZAMBOANGA SIBUGAY",
      "sibugay"
    ]
  }
]