[
  {
    "id": "39662d01-cedd-473f-bb6c-d955a6924dda",
    "data": [
      {
        "text": "total number of cases in ",
        "userDefined": false
      },
      {
        "text": "philippines",
        "meta": "@sys.geo-country",
        "alias": "geo-country",
        "userDefined": false
      }
    ],
    "isTemplate": false,
    "count": 0,
    "lang": "en",
    "updated": 0
  },
  {
    "id": "715b6010-2ef0-401b-a8a0-c03157269341",
    "data": [
      {
        "text": "What\u0027s the number of cases in ",
        "userDefined": false
      },
      {
        "text": "the philippines",
        "meta": "@sys.geo-country",
        "alias": "geo-country",
        "userDefined": false
      },
      {
        "text": "?",
        "userDefined": false
      }
    ],
    "isTemplate": false,
    "count": 0,
    "lang": "en",
    "updated": 0
  },
  {
    "id": "40f144b9-cccd-4754-9942-9986038b8bef",
    "data": [
      {
        "text": "How many cases are in ",
        "userDefined": false
      },
      {
        "text": "philippines",
        "meta": "@sys.geo-country",
        "alias": "geo-country",
        "userDefined": false
      },
      {
        "text": "?",
        "userDefined": false
      }
    ],
    "isTemplate": false,
    "count": 0,
    "lang": "en",
    "updated": 0
  },
  {
    "id": "5726f3b8-f87d-4169-927e-c36fad749b90",
    "data": [
      {
        "text": "How many cases of ",
        "userDefined": false
      },
      {
        "text": "coronavirus",
        "meta": "@covid-19",
        "alias": "covid-19",
        "userDefined": false
      },
      {
        "text": " are there in ",
        "userDefined": false
      },
      {
        "text": "philippines",
        "meta": "@sys.geo-country",
        "alias": "geo-country",
        "userDefined": false
      },
      {
        "text": "?",
        "userDefined": false
      }
    ],
    "isTemplate": false,
    "count": 0,
    "lang": "en",
    "updated": 0
  },
  {
    "id": "73e2baf7-6e10-46ae-8f99-a94238be04fd",
    "data": [
      {
        "text": "How many incidents are there in ",
        "userDefined": false
      },
      {
        "text": "philippines",
        "meta": "@sys.geo-country",
        "alias": "geo-country",
        "userDefined": true
      },
      {
        "text": "?",
        "userDefined": false
      }
    ],
    "isTemplate": false,
    "count": 1,
    "lang": "en",
    "updated": 0
  },
  {
    "id": "089402aa-1327-487c-a12d-7c921a7652ce",
    "data": [
      {
        "text": "infected people in ",
        "userDefined": false
      },
      {
        "text": "philippines",
        "meta": "@sys.geo-country",
        "alias": "geo-country",
        "userDefined": true
      }
    ],
    "isTemplate": false,
    "count": 0,
    "lang": "en",
    "updated": 0
  },
  {
    "id": "f34561ac-ece8-47c6-86f2-ff70ad8045bb",
    "data": [
      {
        "text": "How many cases of ",
        "userDefined": false
      },
      {
        "text": "covid-19",
        "meta": "@covid-19",
        "alias": "covid-19",
        "userDefined": false
      },
      {
        "text": " are there?",
        "userDefined": false
      }
    ],
    "isTemplate": false,
    "count": 0,
    "lang": "en",
    "updated": 0
  },
  {
    "id": "0c54d44f-3a2e-4e31-a8ff-01bac733a9c8",
    "data": [
      {
        "text": "How many happened in ",
        "userDefined": false
      },
      {
        "text": "Philippines",
        "meta": "@sys.geo-country",
        "alias": "geo-country",
        "userDefined": true
      },
      {
        "text": "?",
        "userDefined": false
      }
    ],
    "isTemplate": false,
    "count": 0,
    "lang": "en",
    "updated": 0
  },
  {
    "id": "97be3467-3664-4a08-bc08-d36281b5b483",
    "data": [
      {
        "text": "how many infected in ",
        "userDefined": false
      },
      {
        "text": "Philippines",
        "meta": "@sys.geo-country",
        "alias": "geo-country",
        "userDefined": true
      },
      {
        "text": " ?",
        "userDefined": false
      }
    ],
    "isTemplate": false,
    "count": 0,
    "lang": "en",
    "updated": 0
  },
  {
    "id": "e19f90f7-2d10-45cf-a561-138123e60e0c",
    "data": [
      {
        "text": "how many infected with ",
        "userDefined": false
      },
      {
        "text": "covid-19",
        "meta": "@covid-19",
        "alias": "covid-19",
        "userDefined": false
      },
      {
        "text": "?",
        "userDefined": false
      }
    ],
    "isTemplate": false,
    "count": 0,
    "lang": "en",
    "updated": 0
  }
]