[
  {
    "id": "c52546c7-bacb-4aab-98c9-401f979fadbc",
    "data": [
      {
        "text": "how many recoveries",
        "userDefined": false
      }
    ],
    "isTemplate": false,
    "count": 0,
    "lang": "en",
    "updated": 0
  },
  {
    "id": "5fbc0b56-b8c5-497a-8f70-b0e2a9bb3811",
    "data": [
      {
        "text": "how many people have recovered",
        "userDefined": false
      }
    ],
    "isTemplate": false,
    "count": 0,
    "lang": "en",
    "updated": 0
  },
  {
    "id": "f6ba3273-bc15-4c67-98af-9eadb39e804b",
    "data": [
      {
        "text": "how many recovered",
        "userDefined": false
      }
    ],
    "isTemplate": false,
    "count": 0,
    "lang": "en",
    "updated": 0
  }
]