[
  {
    "id": "1185d55f-a859-484d-a92e-434bf24581cc",
    "data": [
      {
        "text": "I would like to set ",
        "userDefined": false
      },
      {
        "text": "medication",
        "meta": "@AppointmentType",
        "alias": "AppointmentType",
        "userDefined": true
      },
      {
        "text": " for ",
        "userDefined": false
      },
      {
        "text": "Monday",
        "meta": "@sys.date",
        "alias": "date",
        "userDefined": true
      },
      {
        "text": " at ",
        "userDefined": false
      },
      {
        "text": "9 pm",
        "meta": "@sys.time",
        "alias": "time",
        "userDefined": true
      },
      {
        "text": ".",
        "userDefined": false
      }
    ],
    "isTemplate": false,
    "count": 0,
    "lang": "en",
    "updated": 0
  },
  {
    "id": "879dc21c-9fda-45a6-a20e-f957787a51de",
    "data": [
      {
        "text": "I would like to set a ",
        "userDefined": false
      },
      {
        "text": "consultation",
        "meta": "@AppointmentType",
        "alias": "AppointmentType",
        "userDefined": true
      },
      {
        "text": " for ",
        "userDefined": false
      },
      {
        "text": "Monday",
        "meta": "@sys.date",
        "alias": "date",
        "userDefined": false
      },
      {
        "text": " at ",
        "userDefined": false
      },
      {
        "text": "5 pm",
        "meta": "@sys.time",
        "alias": "time",
        "userDefined": false
      },
      {
        "text": ".",
        "userDefined": false
      }
    ],
    "isTemplate": false,
    "count": 0,
    "lang": "en",
    "updated": 0
  },
  {
    "id": "5f459dd7-74ce-4da9-82cb-fd870fa124da",
    "data": [
      {
        "text": "I would like to set an appointment at ",
        "userDefined": false
      },
      {
        "text": "5 pm",
        "meta": "@sys.time",
        "alias": "time",
        "userDefined": false
      },
      {
        "text": " on ",
        "userDefined": false
      },
      {
        "text": "Saturday",
        "meta": "@sys.date",
        "alias": "date",
        "userDefined": false
      },
      {
        "text": ".",
        "userDefined": false
      }
    ],
    "isTemplate": false,
    "count": 0,
    "lang": "en",
    "updated": 0
  },
  {
    "id": "68703f2f-175f-42b7-9f45-bf04ce509f50",
    "data": [
      {
        "text": "Set an appointment on ",
        "userDefined": false
      },
      {
        "text": "Wednesday",
        "meta": "@sys.date",
        "alias": "date",
        "userDefined": false
      },
      {
        "text": " at ",
        "userDefined": false
      },
      {
        "text": "5 pm",
        "meta": "@sys.time",
        "alias": "time",
        "userDefined": true
      },
      {
        "text": ".",
        "userDefined": false
      }
    ],
    "isTemplate": false,
    "count": 0,
    "lang": "en",
    "updated": 0
  }
]