[
  {
    "id": "fa492dc4-020c-44ce-a77a-25616a2658bc",
    "data": [
      {
        "text": "how many are still positive in ",
        "userDefined": false
      },
      {
        "text": "ph",
        "meta": "@ph_locations",
        "alias": "ph_locations",
        "userDefined": true
      }
    ],
    "isTemplate": false,
    "count": 0,
    "lang": "en",
    "updated": 0
  },
  {
    "id": "6cf5f7c4-6700-4d67-85d5-610658f8869d",
    "data": [
      {
        "text": "how many active cases in ",
        "userDefined": false
      },
      {
        "text": "ph",
        "meta": "@ph_locations",
        "alias": "ph_locations",
        "userDefined": true
      }
    ],
    "isTemplate": false,
    "count": 0,
    "lang": "en",
    "updated": 0
  }
]