[
  {
    "id": "8931c168-da9c-4c4a-bf36-a8cde20c8974",
    "data": [
      {
        "text": "should i buy ivermectin",
        "userDefined": false
      }
    ],
    "isTemplate": false,
    "count": 0,
    "lang": "en",
    "updated": 0
  },
  {
    "id": "aaa9d069-e3b7-403f-9419-57e535d04ed5",
    "data": [
      {
        "text": "is ivermectin effective against covid",
        "userDefined": false
      }
    ],
    "isTemplate": false,
    "count": 0,
    "lang": "en",
    "updated": 0
  }
]