[
  {
    "id": "acbe2cda-1208-46d9-8ada-6c8db68cbd60",
    "data": [
      {
        "text": "i have ",
        "userDefined": false
      },
      {
        "text": "none",
        "meta": "@none",
        "alias": "none",
        "userDefined": false
      }
    ],
    "isTemplate": false,
    "count": 1,
    "lang": "en",
    "updated": 0
  },
  {
    "id": "2d4106e2-3fb4-47b1-86c3-29c1d7b301a9",
    "data": [
      {
        "text": "none",
        "meta": "@none",
        "alias": "none",
        "userDefined": false
      }
    ],
    "isTemplate": false,
    "count": 0,
    "lang": "en",
    "updated": 0
  },
  {
    "id": "0a96be18-1287-411d-a365-9edee2ce3960",
    "data": [
      {
        "text": "all",
        "meta": "@all",
        "alias": "all",
        "userDefined": false
      }
    ],
    "isTemplate": false,
    "count": 0,
    "lang": "en",
    "updated": 0
  },
  {
    "id": "af22370b-3cc8-4de7-aa97-40f824b904cf",
    "data": [
      {
        "text": "no problem",
        "meta": "@none",
        "alias": "none",
        "userDefined": false
      }
    ],
    "isTemplate": false,
    "count": 0,
    "lang": "en",
    "updated": 0
  },
  {
    "id": "6985528d-9993-4fc1-a4f1-b99f7d09e144",
    "data": [
      {
        "text": "vomit",
        "meta": "@coronavirus_symptom",
        "alias": "coronavirus_symptom",
        "userDefined": false
      }
    ],
    "isTemplate": false,
    "count": 0,
    "lang": "en",
    "updated": 0
  },
  {
    "id": "ec23ebe4-da3c-4b9c-ad9b-6a70147a2237",
    "data": [
      {
        "text": "muscle pain",
        "meta": "@coronavirus_symptom",
        "alias": "coronavirus_symptom",
        "userDefined": false
      },
      {
        "text": " and ",
        "userDefined": false
      },
      {
        "text": "stuffy nose",
        "meta": "@coronavirus_symptom",
        "alias": "coronavirus_symptom",
        "userDefined": false
      }
    ],
    "isTemplate": false,
    "count": 0,
    "lang": "en",
    "updated": 0
  },
  {
    "id": "4f269911-c5b2-4aba-9219-745f877bd940",
    "data": [
      {
        "text": "i have ",
        "userDefined": false
      },
      {
        "text": "fever",
        "meta": "@coronavirus_symptom",
        "alias": "coronavirus_symptom",
        "userDefined": false
      },
      {
        "text": ", ",
        "userDefined": false
      },
      {
        "text": "cough",
        "meta": "@coronavirus_symptom",
        "alias": "coronavirus_symptom",
        "userDefined": false
      },
      {
        "text": ", ",
        "userDefined": false
      },
      {
        "text": "shortness",
        "meta": "@coronavirus_symptom",
        "alias": "coronavirus_symptom",
        "userDefined": false
      },
      {
        "text": " of breath, ",
        "userDefined": false
      },
      {
        "text": "diarrhea",
        "meta": "@coronavirus_symptom",
        "alias": "coronavirus_symptom",
        "userDefined": false
      },
      {
        "text": ", ",
        "userDefined": false
      },
      {
        "text": "sore throat",
        "meta": "@coronavirus_symptom",
        "alias": "coronavirus_symptom",
        "userDefined": false
      },
      {
        "text": ", ",
        "userDefined": false
      },
      {
        "text": "nasal congestion",
        "meta": "@coronavirus_symptom",
        "alias": "coronavirus_symptom",
        "userDefined": false
      },
      {
        "text": ", and ",
        "userDefined": false
      },
      {
        "text": "muscle pain",
        "meta": "@coronavirus_symptom",
        "alias": "coronavirus_symptom",
        "userDefined": false
      }
    ],
    "isTemplate": false,
    "count": 0,
    "lang": "en",
    "updated": 0
  },
  {
    "id": "0ad62f24-9927-4dc9-be91-896f70ab8ebf",
    "data": [
      {
        "text": "i have ",
        "userDefined": false
      },
      {
        "text": "fever",
        "meta": "@coronavirus_symptom",
        "alias": "coronavirus_symptom",
        "userDefined": false
      }
    ],
    "isTemplate": false,
    "count": 0,
    "lang": "en",
    "updated": 0
  },
  {
    "id": "b36c99a8-6774-4715-83db-133f794b5260",
    "data": [
      {
        "text": "i have ",
        "userDefined": false
      },
      {
        "text": "every",
        "meta": "@all",
        "alias": "all",
        "userDefined": false
      },
      {
        "text": " symptom",
        "userDefined": false
      }
    ],
    "isTemplate": false,
    "count": 0,
    "lang": "en",
    "updated": 0
  },
  {
    "id": "659834b8-c0aa-4143-ab58-8f65305e0ac7",
    "data": [
      {
        "text": "i have ",
        "userDefined": false
      },
      {
        "text": "all",
        "meta": "@all",
        "alias": "all",
        "userDefined": false
      },
      {
        "text": " of them",
        "userDefined": false
      }
    ],
    "isTemplate": false,
    "count": 0,
    "lang": "en",
    "updated": 0
  },
  {
    "id": "46f25ced-76b8-41e5-aeeb-c7362b4a8593",
    "data": [
      {
        "text": "i ",
        "userDefined": false
      },
      {
        "text": "don\u0027t have",
        "meta": "@none",
        "alias": "none",
        "userDefined": false
      },
      {
        "text": " any symptoms",
        "userDefined": false
      }
    ],
    "isTemplate": false,
    "count": 0,
    "lang": "en",
    "updated": 0
  }
]