[
  {
    "id": "b3352a8b-0362-40bb-a180-b8923eaca679",
    "data": [
      {
        "text": "69",
        "meta": "@sys.number",
        "alias": "coronavirus_assess_q6",
        "userDefined": true
      },
      {
        "text": " y.o.",
        "userDefined": false
      }
    ],
    "isTemplate": false,
    "count": 0,
    "lang": "en",
    "updated": 0
  },
  {
    "id": "44736649-edbc-421e-8187-2e3cadbc22f1",
    "data": [
      {
        "text": "i am ",
        "userDefined": false
      },
      {
        "text": "60",
        "meta": "@sys.number",
        "alias": "coronavirus_assess_q6",
        "userDefined": false
      },
      {
        "text": " years old",
        "userDefined": false
      }
    ],
    "isTemplate": false,
    "count": 0,
    "lang": "en",
    "updated": 0
  },
  {
    "id": "6d260054-d93a-432e-a5ae-fcc145beffbf",
    "data": [
      {
        "text": "i am ",
        "userDefined": false
      },
      {
        "text": "21",
        "meta": "@sys.number",
        "alias": "coronavirus_assess_q6",
        "userDefined": false
      },
      {
        "text": " yo",
        "userDefined": false
      }
    ],
    "isTemplate": false,
    "count": 0,
    "lang": "en",
    "updated": 0
  },
  {
    "id": "4803e97b-1eb6-45fe-a9c1-8144ef7e7300",
    "data": [
      {
        "text": "15",
        "meta": "@sys.number",
        "alias": "coronavirus_assess_q6",
        "userDefined": false
      }
    ],
    "isTemplate": false,
    "count": 0,
    "lang": "en",
    "updated": 0
  }
]