[
  {
    "id": "93dddafb-794f-4708-813d-18a01955ebcd",
    "data": [
      {
        "text": "cases today in ",
        "userDefined": false
      },
      {
        "text": "ph",
        "meta": "@ph_locations",
        "alias": "ph_locations",
        "userDefined": true
      }
    ],
    "isTemplate": false,
    "count": 0,
    "lang": "en",
    "updated": 0
  },
  {
    "id": "311bc313-0f1b-4003-a998-093dc4b011b8",
    "data": [
      {
        "text": "new cases in ",
        "userDefined": false
      },
      {
        "text": "ph",
        "meta": "@ph_locations",
        "alias": "ph_locations",
        "userDefined": true
      }
    ],
    "isTemplate": false,
    "count": 0,
    "lang": "en",
    "updated": 0
  }
]